dataset,n_features_after_encoding,runs,mean_accuracy,std_accuracy,mean_selected,std_selected,mean_time_s
arrhythmia.csv,279,10,0.6327433628318584,0.003128791067197127,140.2,6.5625198412398476,9.797332453727723
colon_cancer.csv,2000,10,0.8191269841269841,0.010755521927114441,994.4,18.88091334890579,11.881003308296204
darmatology.csv,34,10,0.9745901639344263,0.0031680377287660916,19.4,2.0655911179772892,9.918243837356567
heart_stat.csv,13,10,0.8288888888888888,0.005465665091649037,7.0,1.247219128924647,10.785011768341064
vehicule.csv,18,10,0.710756501182033,0.004494144483091822,10.2,2.440400695696417,21.474115872383116
